pokemon_id,move,level_requirement,learn_method,game_version
1,razor-wind,0,egg,gold-silver
1,razor-wind,0,egg,crystal
1,swords-dance,0,machine,red-blue
1,swords-dance,0,machine,yellow
1,swords-dance,0,tutor,emerald
1,swords-dance,0,tutor,firered-leafgreen
1,swords-dance,0,machine,diamond-pearl
1,swords-dance,0,machine,platinum
1,swords-dance,0,machine,heartgold-soulsilver
1,swords-dance,0,machine,black-white
1,swords-dance,0,machine,black-2-white-2
1,swords-dance,0,machine,x-y
1,swords-dance,0,machine,omega-ruby-alpha-sapphire
1,swords-dance,0,machine,sun-moon
1,swords-dance,0,machine,ultra-sun-ultra-moon
1,swords-dance,0,machine,sword-shield
1,swords-dance,0,machine,brilliant-diamond-shining-pearl
1,swords-dance,0,machine,scarlet-violet
1,swords-dance,0,machine,red-green-japan
1,swords-dance,0,machine,blue-japan
1,cut,0,machine,red-blue
1,cut,0,machine,yellow
1,cut,0,machine,gold-silver
1,cut,0,machine,crystal
1,cut,0,machine,ruby-sapphire
1,cut,0,machine,emerald
1,cut,0,machine,firered-leafgreen
1,cut,0,machine,diamond-pearl
1,cut,0,machine,platinum
1,cut,0,machine,heartgold-soulsilver
1,cut,0,machine,black-white
1,cut,0,machine,colosseum
1,cut,0,machine,xd
1,cut,0,machine,black-2-white-2
1,cut,0,machine,x-y
1,cut,0,machine,omega-ruby-alpha-sapphire
1,cut,0,machine,brilliant-diamond-shining-pearl
1,cut,0,machine,red-green-japan
1,cut,0,machine,blue-japan
1,bind,0,tutor,black-2-white-2
1,bind,0,tutor,omega-ruby-alpha-sapphire
1,bind,0,tutor,ultra-sun-ultra-moon
1,vine-whip,13,level-up,red-blue
1,vine-whip,13,level-up,yellow
1,vine-whip,10,level-up,gold-silver
1,vine-whip,10,level-up,crystal
1,vine-whip,10,level-up,ruby-sapphire
1,vine-whip,10,level-up,emerald
1,vine-whip,10,level-up,firered-leafgreen
1,vine-whip,9,level-up,diamond-pearl
1,vine-whip,9,level-up,platinum
1,vine-whip,9,level-up,heartgold-soulsilver
1,vine-whip,9,level-up,black-white
1,vine-whip,10,level-up,colosseum
1,vine-whip,10,level-up,xd
1,vine-whip,9,level-up,black-2-white-2
1,vine-whip,9,level-up,x-y
1,vine-whip,9,level-up,omega-ruby-alpha-sapphire
1,vine-whip,7,level-up,sun-moon
1,vine-whip,9,level-up,ultra-sun-ultra-moon
1,vine-whip,5,level-up,lets-go-pikachu-lets-go-eevee
1,vine-whip,3,level-up,sword-shield
1,vine-whip,3,level-up,brilliant-diamond-shining-pearl
1,vine-whip,3,level-up,scarlet-violet
1,vine-whip,13,level-up,red-green-japan
1,vine-whip,13,level-up,blue-japan
1,headbutt,0,machine,gold-silver
1,headbutt,0,machine,crystal
1,headbutt,0,tutor,heartgold-soulsilver
1,headbutt,0,machine,lets-go-pikachu-lets-go-eevee
1,tackle,1,level-up,red-blue
1,tackle,1,level-up,yellow
1,tackle,1,level-up,gold-silver
1,tackle,1,level-up,crystal
1,tackle,1,level-up,ruby-sapphire
1,tackle,1,level-up,emerald
1,tackle,1,level-up,firered-leafgreen
1,tackle,1,level-up,diamond-pearl
1,tackle,1,level-up,platinum
1,tackle,1,level-up,heartgold-soulsilver
1,tackle,1,level-up,black-white
1,tackle,1,level-up,colosseum
1,tackle,1,level-up,xd
1,tackle,1,level-up,black-2-white-2
1,tackle,1,level-up,x-y
1,tackle,1,level-up,omega-ruby-alpha-sapphire
1,tackle,1,level-up,sun-moon
1,tackle,1,level-up,ultra-sun-ultra-moon
1,tackle,1,level-up,lets-go-pikachu-lets-go-eevee
1,tackle,1,level-up,sword-shield
1,tackle,1,level-up,brilliant-diamond-shining-pearl
1,tackle,1,level-up,scarlet-violet
1,tackle,1,level-up,red-green-japan
1,tackle,1,level-up,blue-japan
1,body-slam,0,machine,red-blue
1,body-slam,0,machine,yellow
1,body-slam,0,tutor,emerald
1,body-slam,0,tutor,firered-leafgreen
1,body-slam,0,tutor,xd
1,body-slam,0,machine,sword-shield
1,body-slam,0,machine,scarlet-violet
1,body-slam,0,machine,red-green-japan
1,body-slam,0,machine,blue-japan
1,take-down,0,machine,red-blue
1,take-down,0,machine,yellow
1,take-down,15,level-up,diamond-pearl
1,take-down,15,level-up,platinum
1,take-down,15,level-up,heartgold-soulsilver
1,take-down,15,level-up,black-white
1,take-down,15,level-up,black-2-white-2
1,take-down,15,level-up,x-y
1,take-down,15,level-up,omega-ruby-alpha-sapphire
1,take-down,15,level-up,sun-moon
1,take-down,15,level-up,ultra-sun-ultra-moon
1,take-down,18,level-up,lets-go-pikachu-lets-go-eevee
1,take-down,21,level-up,sword-shield
1,take-down,21,level-up,brilliant-diamond-shining-pearl
1,take-down,21,level-up,scarlet-violet
1,take-down,0,machine,red-green-japan
1,take-down,0,machine,blue-japan
1,double-edge,0,machine,red-blue
1,double-edge,0,machine,yellow
1,double-edge,0,tutor,emerald
1,double-edge,0,tutor,firered-leafgreen
1,double-edge,27,level-up,diamond-pearl
1,double-edge,27,level-up,platinum
1,double-edge,27,level-up,heartgold-soulsilver
1,double-edge,27,level-up,black-white
1,double-edge,0,tutor,xd
1,double-edge,27,level-up,black-2-white-2
1,double-edge,27,level-up,x-y
1,double-edge,27,level-up,omega-ruby-alpha-sapphire
1,double-edge,27,level-up,sun-moon
1,double-edge,27,level-up,ultra-sun-ultra-moon
1,double-edge,32,level-up,lets-go-pikachu-lets-go-eevee
1,double-edge,33,level-up,sword-shield
1,double-edge,33,level-up,brilliant-diamond-shining-pearl
1,double-edge,0,machine,scarlet-violet
1,double-edge,0,machine,red-green-japan
1,double-edge,0,machine,blue-japan
1,growl,1,level-up,red-blue
1,growl,1,level-up,yellow
1,growl,4,level-up,gold-silver
1,growl,4,level-up,crystal
1,growl,4,level-up,ruby-sapphire
1,growl,4,level-up,emerald
1,growl,4,level-up,firered-leafgreen
1,growl,3,level-up,diamond-pearl
1,growl,3,level-up,platinum
1,growl,3,level-up,heartgold-soulsilver
1,growl,3,level-up,black-white
1,growl,4,level-up,colosseum
1,growl,4,level-up,xd
1,growl,3,level-up,black-2-white-2
1,growl,3,level-up,x-y
1,growl,3,level-up,omega-ruby-alpha-sapphire
1,growl,3,level-up,sun-moon
1,growl,3,level-up,ultra-sun-ultra-moon
1,growl,1,level-up,lets-go-pikachu-lets-go-eevee
1,growl,1,level-up,sword-shield
1,growl,1,level-up,brilliant-diamond-shining-pearl
1,growl,1,level-up,scarlet-violet
1,growl,1,level-up,red-green-japan
1,growl,1,level-up,blue-japan
1,strength,0,machine,ruby-sapphire
1,strength,0,machine,emerald
1,strength,0,machine,firered-leafgreen
1,strength,0,machine,diamond-pearl
1,strength,0,machine,platinum
1,strength,0,machine,heartgold-soulsilver
1,strength,0,machine,black-white
1,strength,0,machine,colosseum
1,strength,0,machine,xd
1,strength,0,machine,black-2-white-2
1,strength,0,machine,x-y
1,strength,0,machine,omega-ruby-alpha-sapphire
1,strength,0,machine,brilliant-diamond-shining-pearl
1,mega-drain,0,machine,red-blue
1,mega-drain,0,machine,yellow
1,mega-drain,0,machine,lets-go-pikachu-lets-go-eevee
1,mega-drain,0,machine,red-green-japan
1,mega-drain,0,machine,blue-japan
1,leech-seed,7,level-up,red-blue
1,leech-seed,7,level-up,yellow
1,leech-seed,7,level-up,gold-silver
1,leech-seed,7,level-up,crystal
1,leech-seed,7,level-up,ruby-sapphire
1,leech-seed,7,level-up,emerald
1,leech-seed,7,level-up,firered-leafgreen
1,leech-seed,7,level-up,diamond-pearl
1,leech-seed,7,level-up,platinum
1,leech-seed,7,level-up,heartgold-soulsilver
1,leech-seed,7,level-up,black-white
1,leech-seed,7,level-up,colosseum
1,leech-seed,7,level-up,xd
1,leech-seed,7,level-up,black-2-white-2
1,leech-seed,7,level-up,x-y
1,leech-seed,7,level-up,omega-ruby-alpha-sapphire
1,leech-seed,7,level-up,ultra-sun-ultra-moon
1,leech-seed,9,level-up,lets-go-pikachu-lets-go-eevee
1,leech-seed,9,level-up,sword-shield
1,leech-seed,9,level-up,brilliant-diamond-shining-pearl
1,leech-seed,9,level-up,scarlet-violet
1,leech-seed,7,level-up,red-green-japan
1,leech-seed,7,level-up,blue-japan
1,growth,34,level-up,red-blue
1,growth,34,level-up,yellow
1,growth,32,level-up,gold-silver
1,growth,32,level-up,crystal
1,growth,32,level-up,ruby-sapphire
1,growth,32,level-up,emerald
1,growth,32,level-up,firered-leafgreen
1,growth,25,level-up,diamond-pearl
1,growth,25,level-up,platinum
1,growth,25,level-up,heartgold-soulsilver
1,growth,25,level-up,black-white
1,growth,32,level-up,colosseum
1,growth,32,level-up,xd
1,growth,25,level-up,black-2-white-2
1,growth,25,level-up,x-y
1,growth,25,level-up,omega-ruby-alpha-sapphire
1,growth,25,level-up,sun-moon
1,growth,25,level-up,ultra-sun-ultra-moon
1,growth,27,level-up,lets-go-pikachu-lets-go-eevee
1,growth,6,level-up,sword-shield
1,growth,6,level-up,brilliant-diamond-shining-pearl
1,growth,6,level-up,scarlet-violet
1,growth,34,level-up,red-green-japan
1,growth,34,level-up,blue-japan
1,razor-leaf,27,level-up,red-blue
1,razor-leaf,27,level-up,yellow
1,razor-leaf,20,level-up,gold-silver
1,razor-leaf,20,level-up,crystal
1,razor-leaf,20,level-up,ruby-sapphire
1,razor-leaf,20,level-up,emerald
1,razor-leaf,20,level-up,firered-leafgreen
1,razor-leaf,19,level-up,diamond-pearl
1,razor-leaf,19,level-up,platinum
1,razor-leaf,19,level-up,heartgold-soulsilver
1,razor-leaf,19,level-up,black-white
1,razor-leaf,20,level-up,colosseum
1,razor-leaf,20,level-up,xd
1,razor-leaf,19,level-up,black-2-white-2
1,razor-leaf,19,level-up,x-y
1,razor-leaf,19,level-up,omega-ruby-alpha-sapphire
1,razor-leaf,19,level-up,sun-moon
1,razor-leaf,19,level-up,ultra-sun-ultra-moon
1,razor-leaf,23,level-up,lets-go-pikachu-lets-go-eevee
1,razor-leaf,12,level-up,sword-shield
1,razor-leaf,12,level-up,brilliant-diamond-shining-pearl
1,razor-leaf,12,level-up,scarlet-violet
1,razor-leaf,27,level-up,red-green-japan
1,razor-leaf,27,level-up,blue-japan
1,solar-beam,48,level-up,red-blue
1,solar-beam,48,level-up,yellow
1,solar-beam,46,level-up,gold-silver
1,solar-beam,46,level-up,crystal
1,solar-beam,46,level-up,ruby-sapphire
1,solar-beam,46,level-up,emerald
1,solar-beam,46,level-up,firered-leafgreen
1,solar-beam,0,machine,diamond-pearl
1,solar-beam,0,machine,platinum
1,solar-beam,0,machine,heartgold-soulsilver
1,solar-beam,0,machine,black-white
1,solar-beam,46,level-up,colosseum
1,solar-beam,46,level-up,xd
1,solar-beam,0,machine,black-2-white-2
1,solar-beam,0,machine,x-y
1,solar-beam,0,machine,omega-ruby-alpha-sapphire
1,solar-beam,0,machine,sun-moon
1,solar-beam,0,machine,ultra-sun-ultra-moon
1,solar-beam,0,machine,lets-go-pikachu-lets-go-eevee
1,solar-beam,36,level-up,sword-shield
1,solar-beam,36,level-up,brilliant-diamond-shining-pearl
1,solar-beam,36,level-up,scarlet-violet
1,solar-beam,48,level-up,red-green-japan
1,solar-beam,48,level-up,blue-japan
1,poison-powder,20,level-up,red-blue
1,poison-powder,20,level-up,yellow
1,poison-powder,15,level-up,gold-silver
1,poison-powder,15,level-up,crystal
1,poison-powder,15,level-up,ruby-sapphire
1,poison-powder,15,level-up,emerald
1,poison-powder,15,level-up,firered-leafgreen
1,poison-powder,13,level-up,diamond-pearl
1,poison-powder,13,level-up,platinum
1,poison-powder,13,level-up,heartgold-soulsilver
1,poison-powder,13,level-up,black-white
1,poison-powder,15,level-up,colosseum
1,poison-powder,15,level-up,xd
1,poison-powder,13,level-up,black-2-white-2
1,poison-powder,13,level-up,x-y
1,poison-powder,13,level-up,omega-ruby-alpha-sapphire
1,poison-powder,13,level-up,sun-moon
1,poison-powder,13,level-up,ultra-sun-ultra-moon
1,poison-powder,14,level-up,lets-go-pikachu-lets-go-eevee
1,poison-powder,15,level-up,sword-shield
1,poison-powder,15,level-up,brilliant-diamond-shining-pearl
1,poison-powder,15,level-up,scarlet-violet
1,poison-powder,20,level-up,red-green-japan
1,poison-powder,20,level-up,blue-japan
1,sleep-powder,41,level-up,red-blue
1,sleep-powder,41,level-up,yellow
1,sleep-powder,15,level-up,gold-silver
1,sleep-powder,15,level-up,crystal
1,sleep-powder,15,level-up,ruby-sapphire
1,sleep-powder,15,level-up,emerald
1,sleep-powder,15,level-up,firered-leafgreen
1,sleep-powder,13,level-up,diamond-pearl
1,sleep-powder,13,level-up,platinum
1,sleep-powder,13,level-up,heartgold-soulsilver
1,sleep-powder,13,level-up,black-white
1,sleep-powder,15,level-up,colosseum
1,sleep-powder,15,level-up,xd
1,sleep-powder,13,level-up,black-2-white-2
1,sleep-powder,13,level-up,x-y
1,sleep-powder,13,level-up,omega-ruby-alpha-sapphire
1,sleep-powder,13,level-up,sun-moon
1,sleep-powder,13,level-up,ultra-sun-ultra-moon
1,sleep-powder,14,level-up,lets-go-pikachu-lets-go-eevee
1,sleep-powder,15,level-up,sword-shield
1,sleep-powder,15,level-up,brilliant-diamond-shining-pearl
1,sleep-powder,15,level-up,scarlet-violet
1,sleep-powder,41,level-up,red-green-japan
1,sleep-powder,41,level-up,blue-japan
1,petal-dance,0,egg,gold-silver
1,petal-dance,0,egg,crystal
1,petal-dance,0,egg,ruby-sapphire
1,petal-dance,0,egg,emerald
1,petal-dance,0,egg,firered-leafgreen
1,petal-dance,0,egg,diamond-pearl
1,petal-dance,0,egg,platinum
1,petal-dance,0,egg,heartgold-soulsilver
1,petal-dance,0,egg,black-white
1,petal-dance,0,egg,black-2-white-2
1,petal-dance,0,egg,x-y
1,petal-dance,0,egg,omega-ruby-alpha-sapphire
1,petal-dance,0,egg,sun-moon
1,petal-dance,0,egg,ultra-sun-ultra-moon
1,petal-dance,0,egg,sword-shield
1,petal-dance,0,egg,brilliant-diamond-shining-pearl
1,petal-dance,0,egg,scarlet-violet
1,string-shot,0,tutor,heartgold-soulsilver
1,toxic,0,machine,red-blue
1,toxic,0,machine,yellow
1,toxic,0,machine,gold-silver
1,toxic,0,machine,crystal
1,toxic,0,machine,ruby-sapphire
1,toxic,0,machine,emerald
1,toxic,0,machine,firered-leafgreen
1,toxic,0,machine,diamond-pearl
1,toxic,0,machine,platinum
1,toxic,0,machine,heartgold-soulsilver
1,toxic,0,machine,black-white
1,toxic,0,machine,colosseum
1,toxic,0,machine,xd
1,toxic,0,machine,black-2-white-2
1,toxic,0,machine,x-y
1,toxic,0,machine,omega-ruby-alpha-sapphire
1,toxic,0,machine,sun-moon
1,toxic,0,machine,ultra-sun-ultra-moon
1,toxic,0,machine,lets-go-pikachu-lets-go-eevee
1,toxic,0,egg,sword-shield
1,toxic,0,machine,brilliant-diamond-shining-pearl
1,toxic,0,egg,scarlet-violet
1,toxic,0,machine,red-green-japan
1,toxic,0,machine,blue-japan
1,rage,0,machine,red-blue
1,rage,0,machine,yellow
1,rage,0,machine,red-green-japan
1,rage,0,machine,blue-japan
1,mimic,0,machine,red-blue
1,mimic,0,machine,yellow
1,mimic,0,tutor,emerald
1,mimic,0,tutor,firered-leafgreen
1,mimic,0,tutor,xd
1,mimic,0,machine,red-green-japan
1,mimic,0,machine,blue-japan
1,double-team,0,machine,red-blue
1,double-team,0,machine,yellow
1,double-team,0,machine,gold-silver
1,double-team,0,machine,crystal
1,double-team,0,machine,ruby-sapphire
1,double-team,0,machine,emerald
1,double-team,0,machine,firered-leafgreen
1,double-team,0,machine,diamond-pearl
1,double-team,0,machine,platinum
1,double-team,0,machine,heartgold-soulsilver
1,double-team,0,machine,black-white
1,double-team,0,machine,colosseum
1,double-team,0,machine,xd
1,double-team,0,machine,black-2-white-2
1,double-team,0,machine,x-y
1,double-team,0,machine,omega-ruby-alpha-sapphire
1,double-team,0,machine,sun-moon
1,double-team,0,machine,ultra-sun-ultra-moon
1,double-team,0,machine,brilliant-diamond-shining-pearl
1,double-team,0,machine,red-green-japan
1,double-team,0,machine,blue-japan
1,defense-curl,0,machine,gold-silver
1,defense-curl,0,machine,crystal
1,defense-curl,0,tutor,emerald
1,light-screen,0,egg,gold-silver
1,light-screen,0,egg,crystal
1,light-screen,0,egg,ruby-sapphire
1,light-screen,0,egg,emerald
1,light-screen,0,egg,firered-leafgreen
1,light-screen,0,egg,diamond-pearl
1,light-screen,0,egg,platinum
1,light-screen,0,egg,heartgold-soulsilver
1,light-screen,0,machine,black-white
1,light-screen,0,machine,black-2-white-2
1,light-screen,0,machine,x-y
1,light-screen,0,machine,omega-ruby-alpha-sapphire
1,light-screen,0,machine,sun-moon
1,light-screen,0,machine,ultra-sun-ultra-moon
1,light-screen,0,machine,lets-go-pikachu-lets-go-eevee
1,light-screen,0,machine,sword-shield
1,light-screen,0,machine,brilliant-diamond-shining-pearl
1,reflect,0,machine,red-blue
1,reflect,0,machine,yellow
1,reflect,0,machine,lets-go-pikachu-lets-go-eevee
1,reflect,0,machine,red-green-japan
1,reflect,0,machine,blue-japan
1,bide,0,machine,red-blue
1,bide,0,machine,yellow
1,bide,0,machine,red-green-japan
1,bide,0,machine,blue-japan
1,sludge,0,egg,heartgold-soulsilver
1,sludge,0,egg,black-white
1,sludge,0,egg,black-2-white-2
1,sludge,0,egg,x-y
1,sludge,0,egg,omega-ruby-alpha-sapphire
1,sludge,0,egg,sun-moon
1,sludge,0,egg,ultra-sun-ultra-moon
1,sludge,0,egg,brilliant-diamond-shining-pearl
1,skull-bash,0,egg,gold-silver
1,skull-bash,0,egg,crystal
1,skull-bash,0,egg,ruby-sapphire
1,skull-bash,0,egg,emerald
1,skull-bash,0,egg,firered-leafgreen
1,skull-bash,0,egg,diamond-pearl
1,skull-bash,0,egg,platinum
1,skull-bash,0,egg,heartgold-soulsilver
1,skull-bash,0,egg,black-white
1,skull-bash,0,egg,black-2-white-2
1,skull-bash,0,egg,x-y
1,skull-bash,0,egg,omega-ruby-alpha-sapphire
1,skull-bash,0,egg,sun-moon
1,skull-bash,0,egg,ultra-sun-ultra-moon
1,skull-bash,0,egg,sword-shield
1,skull-bash,0,egg,brilliant-diamond-shining-pearl
1,amnesia,0,egg,diamond-pearl
1,amnesia,0,egg,platinum
1,amnesia,0,egg,heartgold-soulsilver
1,amnesia,0,egg,black-white
1,amnesia,0,egg,black-2-white-2
1,amnesia,0,egg,x-y
1,amnesia,0,egg,omega-ruby-alpha-sapphire
1,amnesia,0,egg,sun-moon
1,amnesia,0,egg,ultra-sun-ultra-moon
1,amnesia,0,machine,sword-shield
1,amnesia,0,egg,brilliant-diamond-shining-pearl
1,flash,0,machine,gold-silver
1,flash,0,machine,crystal
1,flash,0,machine,ruby-sapphire
1,flash,0,machine,emerald
1,flash,0,machine,firered-leafgreen
1,flash,0,machine,diamond-pearl
1,flash,0,machine,platinum
1,flash,0,machine,heartgold-soulsilver
1,flash,0,machine,black-white
1,flash,0,machine,colosseum
1,flash,0,machine,xd
1,flash,0,machine,black-2-white-2
1,flash,0,machine,x-y
1,flash,0,machine,omega-ruby-alpha-sapphire
1,flash,0,machine,brilliant-diamond-shining-pearl
1,rest,0,machine,red-blue
1,rest,0,machine,yellow
1,rest,0,machine,gold-silver
1,rest,0,machine,crystal
1,rest,0,machine,ruby-sapphire
1,rest,0,machine,emerald
1,rest,0,machine,firered-leafgreen
1,rest,0,machine,diamond-pearl
1,rest,0,machine,platinum
1,rest,0,machine,heartgold-soulsilver
1,rest,0,machine,black-white
1,rest,0,machine,colosseum
1,rest,0,machine,xd
1,rest,0,machine,black-2-white-2
1,rest,0,machine,x-y
1,rest,0,machine,omega-ruby-alpha-sapphire
1,rest,0,machine,sun-moon
1,rest,0,machine,ultra-sun-ultra-moon
1,rest,0,machine,lets-go-pikachu-lets-go-eevee
1,rest,0,machine,sword-shield
1,rest,0,machine,brilliant-diamond-shining-pearl
1,rest,0,machine,scarlet-violet
1,rest,0,machine,red-green-japan
1,rest,0,machine,blue-japan
1,substitute,0,machine,red-blue
1,substitute,0,machine,yellow
1,substitute,0,tutor,emerald
1,substitute,0,tutor,firered-leafgreen
1,substitute,0,machine,diamond-pearl
1,substitute,0,machine,platinum
1,substitute,0,machine,heartgold-soulsilver
1,substitute,0,machine,black-white
1,substitute,0,tutor,xd
1,substitute,0,machine,black-2-white-2
1,substitute,0,machine,x-y
1,substitute,0,machine,omega-ruby-alpha-sapphire
1,substitute,0,machine,sun-moon
1,substitute,0,machine,ultra-sun-ultra-moon
1,substitute,0,machine,lets-go-pikachu-lets-go-eevee
1,substitute,0,machine,sword-shield
1,substitute,0,machine,brilliant-diamond-shining-pearl
1,substitute,0,machine,scarlet-violet
1,substitute,0,machine,red-green-japan
1,substitute,0,machine,blue-japan
1,snore,0,machine,gold-silver
1,snore,0,machine,crystal
1,snore,0,tutor,emerald
1,snore,0,tutor,platinum
1,snore,0,tutor,heartgold-soulsilver
1,snore,0,tutor,black-2-white-2
1,snore,0,tutor,omega-ruby-alpha-sapphire
1,snore,0,tutor,ultra-sun-ultra-moon
1,snore,0,machine,sword-shield
1,curse,0,machine,gold-silver
1,curse,0,machine,crystal
1,curse,0,egg,ruby-sapphire
1,curse,0,egg,emerald
1,curse,0,egg,firered-leafgreen
1,curse,0,egg,diamond-pearl
1,curse,0,egg,platinum
1,curse,0,egg,heartgold-soulsilver
1,curse,0,egg,black-white
1,curse,0,egg,black-2-white-2
1,curse,0,egg,x-y
1,curse,0,egg,omega-ruby-alpha-sapphire
1,curse,0,egg,sun-moon
1,curse,0,egg,ultra-sun-ultra-moon
1,curse,0,egg,sword-shield
1,curse,0,egg,brilliant-diamond-shining-pearl
1,curse,0,egg,scarlet-violet
1,protect,0,machine,gold-silver
1,protect,0,machine,crystal
1,protect,0,machine,ruby-sapphire
1,protect,0,machine,emerald
1,protect,0,machine,firered-leafgreen
1,protect,0,machine,diamond-pearl
1,protect,0,machine,platinum
1,protect,0,machine,heartgold-soulsilver
1,protect,0,machine,black-white
1,protect,0,machine,colosseum
1,protect,0,machine,xd
1,protect,0,machine,black-2-white-2
1,protect,0,machine,x-y
1,protect,0,machine,omega-ruby-alpha-sapphire
1,protect,0,machine,sun-moon
1,protect,0,machine,ultra-sun-ultra-moon
1,protect,0,machine,lets-go-pikachu-lets-go-eevee
1,protect,0,machine,sword-shield
1,protect,0,machine,brilliant-diamond-shining-pearl
1,protect,0,machine,scarlet-violet
1,sludge-bomb,0,machine,ruby-sapphire
1,sludge-bomb,0,machine,emerald
1,sludge-bomb,0,machine,firered-leafgreen
1,sludge-bomb,0,machine,diamond-pearl
1,sludge-bomb,0,machine,platinum
1,sludge-bomb,0,machine,heartgold-soulsilver
1,sludge-bomb,0,machine,black-white
1,sludge-bomb,0,machine,colosseum
1,sludge-bomb,0,machine,xd
1,sludge-bomb,0,machine,black-2-white-2
1,sludge-bomb,0,machine,x-y
1,sludge-bomb,0,machine,omega-ruby-alpha-sapphire
1,sludge-bomb,0,machine,sun-moon
1,sludge-bomb,0,machine,ultra-sun-ultra-moon
1,sludge-bomb,0,machine,lets-go-pikachu-lets-go-eevee
1,sludge-bomb,0,machine,sword-shield
1,sludge-bomb,0,machine,brilliant-diamond-shining-pearl
1,sludge-bomb,0,machine,scarlet-violet
1,mud-slap,0,machine,gold-silver
1,mud-slap,0,machine,crystal
1,mud-slap,0,tutor,emerald
1,mud-slap,0,tutor,platinum
1,mud-slap,0,tutor,heartgold-soulsilver
1,outrage,0,machine,lets-go-pikachu-lets-go-eevee
1,giga-drain,0,machine,gold-silver
1,giga-drain,0,machine,crystal
1,giga-drain,0,machine,ruby-sapphire
1,giga-drain,0,machine,emerald
1,giga-drain,0,machine,firered-leafgreen
1,giga-drain,0,machine,diamond-pearl
1,giga-drain,0,machine,platinum
1,giga-drain,0,machine,heartgold-soulsilver
1,giga-drain,0,egg,black-white
1,giga-drain,0,machine,colosseum
1,giga-drain,0,machine,xd
1,giga-drain,0,egg,black-2-white-2
1,giga-drain,0,egg,x-y
1,giga-drain,0,egg,omega-ruby-alpha-sapphire
1,giga-drain,0,egg,sun-moon
1,giga-drain,0,egg,ultra-sun-ultra-moon
1,giga-drain,0,machine,sword-shield
1,giga-drain,0,machine,brilliant-diamond-shining-pearl
1,giga-drain,0,machine,scarlet-violet
1,endure,0,machine,gold-silver
1,endure,0,machine,crystal
1,endure,0,tutor,emerald
1,endure,0,machine,diamond-pearl
1,endure,0,machine,platinum
1,endure,0,machine,heartgold-soulsilver
1,endure,0,egg,black-white
1,endure,0,egg,black-2-white-2
1,endure,0,egg,x-y
1,endure,0,egg,omega-ruby-alpha-sapphire
1,endure,0,egg,sun-moon
1,endure,0,egg,ultra-sun-ultra-moon
1,endure,0,machine,sword-shield
1,endure,0,machine,brilliant-diamond-shining-pearl
1,endure,0,machine,scarlet-violet
1,charm,0,egg,gold-silver
1,charm,0,egg,ruby-sapphire
1,charm,0,egg,emerald
1,charm,0,egg,firered-leafgreen
1,charm,0,egg,diamond-pearl
1,charm,0,egg,platinum
1,charm,0,egg,heartgold-soulsilver
1,charm,0,egg,black-white
1,charm,0,egg,black-2-white-2
1,charm,0,egg,x-y
1,charm,0,egg,omega-ruby-alpha-sapphire
1,charm,0,egg,sun-moon
1,charm,0,egg,ultra-sun-ultra-moon
1,charm,0,machine,sword-shield
1,charm,0,egg,brilliant-diamond-shining-pearl
1,charm,0,machine,scarlet-violet
1,false-swipe,0,machine,sword-shield
1,false-swipe,0,machine,brilliant-diamond-shining-pearl
1,false-swipe,0,machine,scarlet-violet
1,swagger,0,machine,gold-silver
1,swagger,0,machine,crystal
1,swagger,0,tutor,emerald
1,swagger,0,machine,diamond-pearl
1,swagger,0,machine,platinum
1,swagger,0,machine,heartgold-soulsilver
1,swagger,0,machine,black-white
1,swagger,0,tutor,xd
1,swagger,0,machine,black-2-white-2
1,swagger,0,machine,x-y
1,swagger,0,machine,omega-ruby-alpha-sapphire
1,swagger,0,machine,sun-moon
1,swagger,0,machine,ultra-sun-ultra-moon
1,swagger,0,machine,brilliant-diamond-shining-pearl
1,fury-cutter,0,machine,gold-silver
1,fury-cutter,0,machine,crystal
1,fury-cutter,0,tutor,emerald
1,fury-cutter,0,tutor,platinum
1,fury-cutter,0,tutor,heartgold-soulsilver
1,attract,0,machine,gold-silver
1,attract,0,machine,crystal
1,attract,0,machine,ruby-sapphire
1,attract,0,machine,emerald
1,attract,0,machine,firered-leafgreen
1,attract,0,machine,diamond-pearl
1,attract,0,machine,platinum
1,attract,0,machine,heartgold-soulsilver
1,attract,0,machine,black-white
1,attract,0,machine,colosseum
1,attract,0,machine,xd
1,attract,0,machine,black-2-white-2
1,attract,0,machine,x-y
1,attract,0,machine,omega-ruby-alpha-sapphire
1,attract,0,machine,sun-moon
1,attract,0,machine,ultra-sun-ultra-moon
1,attract,0,machine,sword-shield
1,attract,0,machine,brilliant-diamond-shining-pearl
1,sleep-talk,0,machine,gold-silver
1,sleep-talk,0,machine,crystal
1,sleep-talk,0,tutor,emerald
1,sleep-talk,0,machine,diamond-pearl
1,sleep-talk,0,machine,platinum
1,sleep-talk,0,machine,heartgold-soulsilver
1,sleep-talk,0,tutor,black-2-white-2
1,sleep-talk,0,machine,x-y
1,sleep-talk,0,machine,omega-ruby-alpha-sapphire
1,sleep-talk,0,machine,sun-moon
1,sleep-talk,0,machine,ultra-sun-ultra-moon
1,sleep-talk,0,machine,sword-shield
1,sleep-talk,0,machine,brilliant-diamond-shining-pearl
1,sleep-talk,0,machine,scarlet-violet
1,return,0,machine,gold-silver
1,return,0,machine,crystal
1,return,0,machine,ruby-sapphire
1,return,0,machine,emerald
1,return,0,machine,firered-leafgreen
1,return,0,machine,diamond-pearl
1,return,0,machine,platinum
1,return,0,machine,heartgold-soulsilver
1,return,0,machine,black-white
1,return,0,machine,colosseum
1,return,0,machine,xd
1,return,0,machine,black-2-white-2
1,return,0,machine,x-y
1,return,0,machine,omega-ruby-alpha-sapphire
1,return,0,machine,sun-moon
1,return,0,machine,ultra-sun-ultra-moon
1,frustration,0,machine,gold-silver
1,frustration,0,machine,crystal
1,frustration,0,machine,ruby-sapphire
1,frustration,0,machine,emerald
1,frustration,0,machine,firered-leafgreen
1,frustration,0,machine,diamond-pearl
1,frustration,0,machine,platinum
1,frustration,0,machine,heartgold-soulsilver
1,frustration,0,machine,black-white
1,frustration,0,machine,colosseum
1,frustration,0,machine,xd
1,frustration,0,machine,black-2-white-2
1,frustration,0,machine,x-y
1,frustration,0,machine,omega-ruby-alpha-sapphire
1,frustration,0,machine,sun-moon
1,frustration,0,machine,ultra-sun-ultra-moon
1,safeguard,0,egg,gold-silver
1,safeguard,0,egg,crystal
1,safeguard,0,egg,ruby-sapphire
1,safeguard,0,egg,emerald
1,safeguard,0,egg,firered-leafgreen
1,safeguard,0,egg,diamond-pearl
1,safeguard,0,egg,platinum
1,safeguard,0,egg,heartgold-soulsilver
1,safeguard,0,machine,black-white
1,safeguard,0,machine,black-2-white-2
1,safeguard,0,machine,x-y
1,safeguard,0,machine,omega-ruby-alpha-sapphire
1,safeguard,0,machine,sun-moon
1,safeguard,0,machine,ultra-sun-ultra-moon
1,safeguard,0,machine,sword-shield
1,safeguard,0,machine,brilliant-diamond-shining-pearl
1,sweet-scent,25,level-up,gold-silver
1,sweet-scent,25,level-up,crystal
1,sweet-scent,25,level-up,ruby-sapphire
1,sweet-scent,25,level-up,emerald
1,sweet-scent,25,level-up,firered-leafgreen
1,sweet-scent,21,level-up,diamond-pearl
1,sweet-scent,21,level-up,platinum
1,sweet-scent,21,level-up,heartgold-soulsilver
1,sweet-scent,21,level-up,black-white
1,sweet-scent,25,level-up,colosseum
1,sweet-scent,25,level-up,xd
1,sweet-scent,21,level-up,black-2-white-2
1,sweet-scent,21,level-up,x-y
1,sweet-scent,21,level-up,omega-ruby-alpha-sapphire
1,sweet-scent,21,level-up,sun-moon
1,sweet-scent,21,level-up,ultra-sun-ultra-moon
1,sweet-scent,24,level-up,sword-shield
1,sweet-scent,24,level-up,brilliant-diamond-shining-pearl
1,sweet-scent,24,level-up,scarlet-violet
1,synthesis,39,level-up,gold-silver
1,synthesis,39,level-up,crystal
1,synthesis,39,level-up,ruby-sapphire
1,synthesis,39,level-up,emerald
1,synthesis,39,level-up,firered-leafgreen
1,synthesis,33,level-up,diamond-pearl
1,synthesis,33,level-up,platinum
1,synthesis,33,level-up,heartgold-soulsilver
1,synthesis,33,level-up,black-white
1,synthesis,39,level-up,colosseum
1,synthesis,39,level-up,xd
1,synthesis,33,level-up,black-2-white-2
1,synthesis,33,level-up,x-y
1,synthesis,33,level-up,omega-ruby-alpha-sapphire
1,synthesis,33,level-up,sun-moon
1,synthesis,33,level-up,ultra-sun-ultra-moon
1,synthesis,27,level-up,sword-shield
1,synthesis,27,level-up,brilliant-diamond-shining-pearl
1,synthesis,27,level-up,scarlet-violet
1,hidden-power,0,machine,gold-silver
1,hidden-power,0,machine,crystal
1,hidden-power,0,machine,ruby-sapphire
1,hidden-power,0,machine,emerald
1,hidden-power,0,machine,firered-leafgreen
1,hidden-power,0,machine,diamond-pearl
1,hidden-power,0,machine,platinum
1,hidden-power,0,machine,heartgold-soulsilver
1,hidden-power,0,machine,black-white
1,hidden-power,0,machine,colosseum
1,hidden-power,0,machine,xd
1,hidden-power,0,machine,black-2-white-2
1,hidden-power,0,machine,x-y
1,hidden-power,0,machine,omega-ruby-alpha-sapphire
1,hidden-power,0,machine,sun-moon
1,hidden-power,0,machine,ultra-sun-ultra-moon
1,sunny-day,0,machine,gold-silver
1,sunny-day,0,machine,crystal
1,sunny-day,0,machine,ruby-sapphire
1,sunny-day,0,machine,emerald
1,sunny-day,0,machine,firered-leafgreen
1,sunny-day,0,machine,diamond-pearl
1,sunny-day,0,machine,platinum
1,sunny-day,0,machine,heartgold-soulsilver
1,sunny-day,0,machine,black-white
1,sunny-day,0,machine,colosseum
1,sunny-day,0,machine,xd
1,sunny-day,0,machine,black-2-white-2
1,sunny-day,0,machine,x-y
1,sunny-day,0,machine,omega-ruby-alpha-sapphire
1,sunny-day,0,machine,sun-moon
1,sunny-day,0,machine,ultra-sun-ultra-moon
1,sunny-day,0,machine,sword-shield
1,sunny-day,0,machine,brilliant-diamond-shining-pearl
1,sunny-day,0,machine,scarlet-violet
1,rock-smash,0,machine,ruby-sapphire
1,rock-smash,0,machine,emerald
1,rock-smash,0,machine,firered-leafgreen
1,rock-smash,0,machine,diamond-pearl
1,rock-smash,0,machine,platinum
1,rock-smash,0,machine,heartgold-soulsilver
1,rock-smash,0,machine,black-white
1,rock-smash,0,machine,colosseum
1,rock-smash,0,machine,xd
1,rock-smash,0,machine,black-2-white-2
1,rock-smash,0,machine,x-y
1,rock-smash,0,machine,omega-ruby-alpha-sapphire
1,rock-smash,0,machine,brilliant-diamond-shining-pearl
1,facade,0,machine,ruby-sapphire
1,facade,0,machine,emerald
1,facade,0,machine,firered-leafgreen
1,facade,0,machine,diamond-pearl
1,facade,0,machine,platinum
1,facade,0,machine,heartgold-soulsilver
1,facade,0,machine,black-white
1,facade,0,machine,colosseum
1,facade,0,machine,xd
1,facade,0,machine,black-2-white-2
1,facade,0,machine,x-y
1,facade,0,machine,omega-ruby-alpha-sapphire
1,facade,0,machine,sun-moon
1,facade,0,machine,ultra-sun-ultra-moon
1,facade,0,machine,lets-go-pikachu-lets-go-eevee
1,facade,0,machine,sword-shield
1,facade,0,machine,brilliant-diamond-shining-pearl
1,facade,0,machine,scarlet-violet
1,nature-power,0,egg,diamond-pearl
1,nature-power,0,egg,platinum
1,nature-power,0,egg,heartgold-soulsilver
1,nature-power,0,egg,black-white
1,nature-power,0,egg,black-2-white-2
1,nature-power,0,egg,x-y
1,nature-power,0,egg,omega-ruby-alpha-sapphire
1,nature-power,0,egg,sun-moon
1,nature-power,0,egg,ultra-sun-ultra-moon
1,nature-power,0,egg,sword-shield
1,nature-power,0,egg,brilliant-diamond-shining-pearl
1,helping-hand,0,machine,sword-shield
1,helping-hand,0,machine,scarlet-violet
1,ingrain,0,egg,diamond-pearl
1,ingrain,0,egg,platinum
1,ingrain,0,egg,heartgold-soulsilver
1,ingrain,0,egg,black-white
1,ingrain,0,egg,black-2-white-2
1,ingrain,0,egg,x-y
1,ingrain,0,egg,omega-ruby-alpha-sapphire
1,ingrain,0,egg,sun-moon
1,ingrain,0,egg,ultra-sun-ultra-moon
1,ingrain,0,egg,sword-shield
1,ingrain,0,egg,brilliant-diamond-shining-pearl
1,ingrain,0,egg,scarlet-violet
1,knock-off,0,tutor,platinum
1,knock-off,0,tutor,heartgold-soulsilver
1,knock-off,0,tutor,black-2-white-2
1,knock-off,0,tutor,omega-ruby-alpha-sapphire
1,knock-off,0,tutor,ultra-sun-ultra-moon
1,knock-off,0,machine,scarlet-violet
1,secret-power,0,machine,ruby-sapphire
1,secret-power,0,machine,emerald
1,secret-power,0,machine,firered-leafgreen
1,secret-power,0,machine,diamond-pearl
1,secret-power,0,machine,platinum
1,secret-power,0,machine,heartgold-soulsilver
1,secret-power,0,machine,colosseum
1,secret-power,0,machine,xd
1,secret-power,0,machine,omega-ruby-alpha-sapphire
1,weather-ball,0,machine,sword-shield
1,weather-ball,0,machine,scarlet-violet
1,grass-whistle,0,egg,ruby-sapphire
1,grass-whistle,0,egg,emerald
1,grass-whistle,0,egg,firered-leafgreen
1,grass-whistle,0,egg,diamond-pearl
1,grass-whistle,0,egg,platinum
1,grass-whistle,0,egg,heartgold-soulsilver
1,grass-whistle,0,egg,black-white
1,grass-whistle,0,egg,black-2-white-2
1,grass-whistle,0,egg,x-y
1,grass-whistle,0,egg,omega-ruby-alpha-sapphire
1,grass-whistle,0,egg,sun-moon
1,grass-whistle,0,egg,ultra-sun-ultra-moon
1,bullet-seed,0,machine,ruby-sapphire
1,bullet-seed,0,machine,emerald
1,bullet-seed,0,machine,firered-leafgreen
1,bullet-seed,0,machine,diamond-pearl
1,bullet-seed,0,machine,platinum
1,bullet-seed,0,machine,heartgold-soulsilver
1,bullet-seed,0,machine,colosseum
1,bullet-seed,0,machine,xd
1,bullet-seed,0,machine,sword-shield
1,bullet-seed,0,machine,brilliant-diamond-shining-pearl
1,bullet-seed,0,machine,scarlet-violet
1,magical-leaf,0,egg,ruby-sapphire
1,magical-leaf,0,egg,emerald
1,magical-leaf,0,egg,firered-leafgreen
1,magical-leaf,0,egg,diamond-pearl
1,magical-leaf,0,egg,platinum
1,magical-leaf,0,egg,heartgold-soulsilver
1,magical-leaf,0,egg,black-white
1,magical-leaf,0,egg,black-2-white-2
1,magical-leaf,0,egg,x-y
1,magical-leaf,0,egg,omega-ruby-alpha-sapphire
1,magical-leaf,0,egg,sun-moon
1,magical-leaf,0,egg,ultra-sun-ultra-moon
1,magical-leaf,0,machine,sword-shield
1,magical-leaf,0,egg,brilliant-diamond-shining-pearl
1,magical-leaf,0,machine,scarlet-violet
1,natural-gift,0,machine,diamond-pearl
1,natural-gift,0,machine,platinum
1,natural-gift,0,machine,heartgold-soulsilver
1,worry-seed,31,level-up,diamond-pearl
1,worry-seed,31,level-up,platinum
1,worry-seed,31,level-up,heartgold-soulsilver
1,worry-seed,31,level-up,black-white
1,worry-seed,31,level-up,black-2-white-2
1,worry-seed,31,level-up,x-y
1,worry-seed,31,level-up,omega-ruby-alpha-sapphire
1,worry-seed,31,level-up,sun-moon
1,worry-seed,31,level-up,ultra-sun-ultra-moon
1,worry-seed,30,level-up,sword-shield
1,worry-seed,30,level-up,brilliant-diamond-shining-pearl
1,worry-seed,30,level-up,scarlet-violet
1,seed-bomb,37,level-up,diamond-pearl
1,seed-bomb,37,level-up,platinum
1,seed-bomb,37,level-up,heartgold-soulsilver
1,seed-bomb,37,level-up,black-white
1,seed-bomb,37,level-up,black-2-white-2
1,seed-bomb,37,level-up,x-y
1,seed-bomb,37,level-up,omega-ruby-alpha-sapphire
1,seed-bomb,37,level-up,sun-moon
1,seed-bomb,37,level-up,ultra-sun-ultra-moon
1,seed-bomb,18,level-up,sword-shield
1,seed-bomb,18,level-up,brilliant-diamond-shining-pearl
1,seed-bomb,18,level-up,scarlet-violet
1,energy-ball,0,machine,diamond-pearl
1,energy-ball,0,machine,platinum
1,energy-ball,0,machine,heartgold-soulsilver
1,energy-ball,0,machine,black-white
1,energy-ball,0,machine,black-2-white-2
1,energy-ball,0,machine,x-y
1,energy-ball,0,machine,omega-ruby-alpha-sapphire
1,energy-ball,0,machine,sun-moon
1,energy-ball,0,machine,ultra-sun-ultra-moon
1,energy-ball,0,machine,sword-shield
1,energy-ball,0,machine,brilliant-diamond-shining-pearl
1,energy-ball,0,machine,scarlet-violet
1,leaf-storm,0,egg,diamond-pearl
1,leaf-storm,0,egg,platinum
1,leaf-storm,0,egg,heartgold-soulsilver
1,leaf-storm,0,egg,black-white
1,leaf-storm,0,egg,black-2-white-2
1,leaf-storm,0,egg,x-y
1,leaf-storm,0,egg,omega-ruby-alpha-sapphire
1,leaf-storm,0,egg,sun-moon
1,leaf-storm,0,egg,ultra-sun-ultra-moon
1,leaf-storm,0,machine,sword-shield
1,leaf-storm,0,egg,brilliant-diamond-shining-pearl
1,leaf-storm,0,machine,scarlet-violet
1,power-whip,0,egg,heartgold-soulsilver
1,power-whip,0,egg,black-white
1,power-whip,0,egg,black-2-white-2
1,power-whip,0,egg,x-y
1,power-whip,0,egg,omega-ruby-alpha-sapphire
1,power-whip,0,egg,sun-moon
1,power-whip,0,egg,ultra-sun-ultra-moon
1,power-whip,0,machine,sword-shield
1,power-whip,0,egg,brilliant-diamond-shining-pearl
1,power-whip,33,level-up,scarlet-violet
1,captivate,0,machine,diamond-pearl
1,captivate,0,machine,platinum
1,captivate,0,machine,heartgold-soulsilver
1,grass-knot,0,machine,diamond-pearl
1,grass-knot,0,machine,platinum
1,grass-knot,0,machine,heartgold-soulsilver
1,grass-knot,0,machine,black-white
1,grass-knot,0,machine,black-2-white-2
1,grass-knot,0,machine,x-y
1,grass-knot,0,machine,omega-ruby-alpha-sapphire
1,grass-knot,0,machine,sun-moon
1,grass-knot,0,machine,ultra-sun-ultra-moon
1,grass-knot,0,machine,sword-shield
1,grass-knot,0,machine,brilliant-diamond-shining-pearl
1,grass-knot,0,machine,scarlet-violet
1,venoshock,0,machine,black-white
1,venoshock,0,machine,black-2-white-2
1,venoshock,0,machine,x-y
1,venoshock,0,machine,omega-ruby-alpha-sapphire
1,venoshock,0,machine,sun-moon
1,venoshock,0,machine,ultra-sun-ultra-moon
1,venoshock,0,machine,sword-shield
1,venoshock,0,machine,scarlet-violet
1,acid-spray,0,machine,scarlet-violet
1,round,0,machine,black-white
1,round,0,machine,black-2-white-2
1,round,0,machine,x-y
1,round,0,machine,omega-ruby-alpha-sapphire
1,round,0,machine,sun-moon
1,round,0,machine,ultra-sun-ultra-moon
1,round,0,machine,sword-shield
1,echoed-voice,0,machine,black-white
1,echoed-voice,0,machine,black-2-white-2
1,echoed-voice,0,machine,x-y
1,echoed-voice,0,machine,omega-ruby-alpha-sapphire
1,echoed-voice,0,machine,sun-moon
1,echoed-voice,0,machine,ultra-sun-ultra-moon
1,grass-pledge,0,tutor,black-white
1,grass-pledge,0,tutor,black-2-white-2
1,grass-pledge,0,tutor,x-y
1,grass-pledge,0,tutor,omega-ruby-alpha-sapphire
1,grass-pledge,0,tutor,sun-moon
1,grass-pledge,0,tutor,ultra-sun-ultra-moon
1,grass-pledge,0,tutor,sword-shield
1,grass-pledge,0,machine,scarlet-violet
1,work-up,0,machine,sun-moon
1,work-up,0,machine,ultra-sun-ultra-moon
1,work-up,0,machine,sword-shield
1,work-up,0,machine,brilliant-diamond-shining-pearl
1,grassy-terrain,0,egg,x-y
1,grassy-terrain,0,egg,omega-ruby-alpha-sapphire
1,grassy-terrain,0,egg,sun-moon
1,grassy-terrain,0,egg,ultra-sun-ultra-moon
1,grassy-terrain,0,machine,sword-shield
1,grassy-terrain,0,egg,brilliant-diamond-shining-pearl
1,grassy-terrain,0,machine,scarlet-violet
1,confide,0,machine,x-y
1,confide,0,machine,omega-ruby-alpha-sapphire
1,confide,0,machine,sun-moon
1,confide,0,machine,ultra-sun-ultra-moon
1,grassy-glide,0,tutor,sword-shield
1,grassy-glide,0,machine,scarlet-violet
1,tera-blast,0,machine,scarlet-violet
1,trailblaze,0,machine,scarlet-violet
